-973009408, divin secret ya ya sisterhood novel
-436114939, charlott web
-420734236, nanni diari novel
-319946521, five peopl you meet heaven
448856779, fall angel
-6699114, nickel dime get america
1288772800, restaur end univers
1555536038, book ruth oprah book club paperback
-1957665982, dude where my countri
1551598703, all remain kai scarpetta mysteri paperback
-1208195095, sweet potato queen book love
-231258591, secret life bee
-225064318, septemb
1635758436, paint hous
-1541146561, daddi littl girl
-1152361652, harri potter prison azkaban book 3
-1944302591, light window mitford year
2048863746, good omen
-1944209405, high green hill mitford year
1635883422, skip christma
1609070536, client
-1708715516, moral beauti girl 1 ladi detect agenc
-1541146619, street where you live novel
-385545950, lost boi foster child search love famili
2129823450, all i need know i learn from my cat
-1049560743, cradl all
1551364188, alwai someth
-472010767, hous spirit
768621055, life pi
1609070535, chamber
1613835294, hot zone
-632548739, befor i sai good bye
-286698789, angela ash
1694865724, three june
80162044, prei novel
2146657230, caus death
-744871976, tale citi tale citi seri v 1
1399896883, jemima j novel about ugli duckl swan
-1157182651, note from small planet
-471835739, e evid kinsei millhon mysteri kinsei millhon mysteri paperback
1613630566, partner
2121546301, accident tourist
-1930942300, rescu
-1067203539, widow on year
-628911411, girl who love tom gordon
-1930945370, 1st die novel
-2145716139, chosen prei
-742903817, get over
-632609253, first wive club movi tie
869624709, polit correct bedtim stori modern tale our life time
-48632501, miracl life edgar mint novel
2144660359, sum all fear jack ryan novel
590390117, danc wolv
-385947480, ash ash
-1925402267, virgin suicid
-1708622261, 1 ladi detect agenc todai show book club 8
1694832994, map world
1553205501, vinegar hill oprah book club paperback
-632548826, you belong me
-1919245839, possess romanc
910019152, alchemist fabl about follow your dream
766719453, eden close
-386868093, ugli duckl
-1940490206, bridget jone edg reason
-1152361692, harri potter prison azkaban book 3
-1940551648, girl hyacinth blue
-1638625759, charlott web trophi newberi
-286760290, angela ash mmp memoir
-1065452538, black hous
-471868509, martian chronicl
-419814777, confess sociopath social climber katya livingston chronicl katya livingston chronicl hardcov
-742934730, wick life time wick witch west
1694868864, aton novel
-1718046435, cat hat
-231261505, year wonder
-1022514299, holidai ic stori
1219569720, pelican brief
-1903208958, time again
-1066312452, hanna daughter ballantin reader circl
-318306935, don't sweat small stuff all small stuff simpl wai keep littl thing from take over your life don't sweat small stuff seri
-472786081, princ tide
1222255690, king tort
-630614280, angel am
-630706439, coffin dancer lincoln rhyme novel paperback
2145612657, mr murder
2145644400, fatal cure
-49728102, white teeth novel
-747638790, bel canto novel
1635996950, devil wear prada novel
-1481115872, heart atlanti
-1925342809, where heart oprah book club paperback
1651758825, four blond
-1093183926, mist avalon
-1931742139, jack am
-1065390881, while i gone
1635823906, oryx crake
1581395680, diari mad bride summer displai opportun
-1482432762, high fidel
-1069109024, airfram
1350098143, watership down
78970909, cold mountain
-469027680, pillar earth
-1930913725, violet blue
-1930880955, beach hous
2145581901, without remors
-231293306, ici spark
-1930878883, 2nd chanc
-470229172, memoir geisha uk
-1638630687, littl hous big wood
447191579, bastard out carolina
1635791165, drown ruth
-471896224, zen art motorcycl mainten inquiri valu
-107022047, bless
-1482430621, color water black man tribut hi white mother
-1065295808, back when we were grownup novel ballantin reader circl
-2000548864, tao pooh
-385231410, from corner hi ey
-467125022, bone collector lincoln rhyme novel paperback
-1093873152, princess bride s morgenstern classic tale true love high adventur
567219457, girl pearl ear
-1193571314, white oleand novel
-49729060, hous leav
-748620875, pig heaven
-630614338, perk be wallflow
-467124993, desper
-423863708, all around town
-47795715, empir fall
-471987454, where red fern grow
-1483083961, pai forward
-1065266079, surgeon
-385231381, on door awai from heaven
-1481021601, everi breath you take true stori obsess reveng murder
1694893537, balzac littl chines seamstress novel
-632552796, contact
940429541, mr dallowai
-1931659212, unspeak
-870258486, hundr secret sens
-1930944510, wish you well
1219693662, smilla sens snow
1551565973, bodi evid kai scarpetta mysteri paperback
-971126034, daughter fortun novel oprah book club hardcov
-2145627921, valhalla rise dirk pitt adventur paperback
-2145752850, stranger
1220379720, chamber
2146474759, sophi world novel about histori philosophi
1551598732, cruel am
-667881272, read lolita tehran memoir book
-386130938, couplehood
-1000653663, she went all wai avon light contemporari romanc
-1157118980, chocolat
-47822374, heartbreak work stagger geniu
-1944303392, home mitford mitford year
-1021857814, weight water novel tag author resist strang fit passion
817482820, patti jane hous curl ballantin reader circl
-220452319, welcom temptat
2146565902, invas
-219552791, hard eight stephani plum novel stephani plum novel
448826306, bluest ey
1558090203, neverwher
1551359358, postmortem
-470913308, plain passag earth children paperback
2143915714, were none
1615655239, bee season novel
1221482949, tell on
89430105, soul harvest world take side left behind 4
-112134049, wail wind
-112169889, save grace novel
89429060, left behind novel earth last dai left behind 1
1614609708, tuesdai morri old man young man life greatest lesson
-630584453, fatal voyag
-748444047, divin secret ya ya sisterhood novel
-747756933, poisonwood bibl novel
-1057839643, pilot wife novel
-784268202, ender game ender wiggin saga paperback
1220439461, hors whisper
-1931653696, simpl truth
-1917521751, midnight garden good evil
-1741817549, big sleep
2083932434, dune rememb tomorrow
-1405631214, face fire three sister island trilogi
-1483111745, woman next door
1222251005, summon
-1090295253, intens
-1918301053, girl interrupt
-1282706777, secret life bee
-1899979793, wasp factori
-397978249, wait exhal
-49676231, breath ey memori
1614672138, wild
1220499848, hard time v i warshawski novel paperback
-871030484, joi luck club
-1231962200, miss julia speak her mind novel
-1221161460, lucki memoir
-1925131139, suzann diari nichola
1581395836, shopahol take manhattan summer displai opportun
-2146642638, southern cross
1635823808, summon
1220407805, runawai juri
-628914238, jewel oprah book club
-1405666957, danc upon air three sister island trilogi
1222251934, nerd shine armor
-742930702, i know much true
1651520310, confederaci dunc evergreen book
-420849748, round ireland fridg
-445942752, dead sleep
-469002937, dark half
1221423491, testament
299832462, call wild
1635965137, king tort
-112167933, bean tree
-1539325589, ship new novel
-630614211, decept point
-1407305400, cat who blew whistl
-1931743870, sick puppi
559050760, manhattan hunt club
447044607, tar babi
1220529635, street lawyer
-1067266753, pandora new tale vampir new tale vampir
-1093097595, sphere
-1069108954, lost world
-1090203036, cider hous rule
-631628997, summerhous
-1941651162, galileo daughter histor memoir scienc faith love
2129823636, what expect when you'r expect revis edit
89430076, nicola rise antichrist left behind 3
-1092019323, foucault pendulum
-320007808, shopgirl novella
-1068155611, flesh blood
-419094922, nanni diari novel
-1958441412, wish you well
-913932033, stupid white men other sorri excus state nation
-396008164, i'll see you
-289465406, stone from river
-1063486180, seabiscuit
-1090140537, son circu
-287530146, girl who love tom gordon novel
448826179, girl pearl ear
-219552918, fake
-1089456493, hitchhik guid galaxi
-472940982, bourn supremaci
1219487018, time kill
-628942069, green mile
-747695363, daughter fortun
-397889062, moonlight becom you
567282757, li ly liar who tell them fair balanc look right
1197288133, slaughterhous five children crusad duti danc death
-1917520851, mama make up her mind other danger southern live
-1539354204, beauti mind life mathemat geniu nobel laureat john nash
-870998642, kitchen god wife
1351192855, thorn bird
-134721946, dive from clausen pier alex award
-745646575, prodig summer novel
-1067115067, angel dark
-385976995, next accid
-1091987638, mummi rams damn
-49818461, cold mountain novel
-468223566, need thing
-432024679, seven habit highli effect peopl
-1541230203, gap creek stori marriag
-396248634, schindler list
446919435, song solomon oprah book club paperback
-386183853, long after midnight
-799856133, interpret maladi
-1540369019, from buick 8 novel
-112137990, circl three novel
-468941407, miseri
2141825542, red storm rise
-468941378, stand complet uncut
-743881189, littl altar everywher novel
-999703078, boi next door
1615469052, thin air person account mt everest disast
-385575748, chicken soup woman soul chicken soup soul seri paper
-1152269591, harri potter goblet fire book 4
-1405695601, carolina moon
-423658749, hour novel
-1069304321, thief lord
-1915643796, civil action
-1931743899, lucki you
-419985592, amaz adventur kavali am
1614372345, coralin
-49759032, lesson befor dy vintag contemporari paperback
-220392676, hot six stephani plum novel stephani plum novel
-1931837154, kiss girl
-358263965, 1984
-1091333323, how make american quilt
-319977179, lucki man memoir
-742930818, confess ugli stepsist novel
-471832023, alibi kinsei millhon mysteri paperback
1399898810, catch me you can true stori real fake
1695760607, sisterhood travel pant
-1118797666, bridget jone diari
-1118797665, chocolat
1220409704, rainmak
-324600464, artemi fowl artemi fowl book 1
1422625052, island blue dolphin laurel leaf book
-1106979876, correct
-423626908, winter solstic
-453411550, templ my familiar
-218722519, on monei stephani plum novel
-419957993, run scissor
-1231961231, ahab wife star gazer novel
-629662824, jewel
1400819354, girl name zippi grow up small mooreland indiana todai show book club 3
1581331364, charm billi
-1957694811, night rodanth
448888620, virgin blue
-870044214, welcom world babi girl
1884916141, four agreement practic guid person freedom
-44275543, idiot girl action adventur club
2147368459, chromosom 6
-1080695198, white oleand novel
1218706776, red dragon
-385946366, fear noth
-289525949, angela ash memoir
-871061014, all i realli need know
-2003232409, god small thing
1191804662, echo
-1931682525, messag bottl
-1429500725, cat who at danish modern cat who paperback
1198304621, wanderlust
-1164878701, white oleand novel oprah book club
-745676402, five quarter orang
-447605935, red tent bestsel backlist
-1772022686, bonesett daughter
-1022596856, me talk pretti on dai
-1523646677, wild animu
617114318, handmaid tale
-1930906898, basket case
-782419116, what dream mai come novel
-707511331, onc upon more enlighten time more polit correct bedtim stori
-1931622697, save faith
-467365336, nightmar am
-749425319, ey were watch god novel
-973782021, men from mar women from venu practic guid improv commun get what you want your relationship
2142934443, breath lesson
-397888935, pretend you don't see her
1221482205, brethren
2147400173, raptur canaan
-446002308, code zero
-451448049, behind scene museum novel
558963529, p peril
-1970997092, mice men penguin great book 20th centuri
1220403876, on true thing
-581980331, hobbit back again
618067661, n noos
-49642729, wait vintag intern
2146511343, ey dark
-2146554351, black notic
559021902, seabiscuit american legend
-49639659, midwiv novel
1220499104, hannib
-749454990, bean tree
2129738966, what expect first year
-431470494, harri potter sorcer stone book 1
617320160, g gumsho kinsei millhon mysteri paperback
2147429844, unnatur exposur
-1090291409, tale bodi thief vampir chronicl paperback
-385237209, final target
-1959390970, slow waltz cedar bend
-1959390969, bridg madison counti
-1940641177, girl guid hunt fish
1221451518, tara road
-446063780, back road
-1066164667, big stone gap novel ballantin reader circl
-231233536, word freak heartbreak triumph geniu obsess world competit scrabbl player
-1089464023, disclosur
1581391993, confess shopahol summer displai opportun
-47766759, hous sand fog
-397888906, lotteri winner alvirah willi stori
-1094820609, interview vampir
-1716196363, phantom tollbooth
-1958435584, bend road
-1482904103, good bed
-385571005, chicken soup teenag soul chicken soup soul
-1931715941, rose red alex cross novel
-290422535, catch 22
-1916652663, matilda
-630730710, postmortem kai scarpetta mysteri paperback
-385600694, child call on child courag surviv
624250747, life pi
-913959991, i know much true oprah book club
-2012094912, along came spider alex cross novel
-47768715, dive from clausen pier novel vintag contemporari paperback
448053478, le divorc william abraham book
-1066255839, open hous oprah book club paperback
-2145753524, whisper
816742134, thousand acr ballantin reader circl
-1958435555, guardian
-1258517850, secret diari adrian mole ag 13 3 4
-1931654527, when wind blow
-1285325505, how stella got her groov back
-218573660, digit fortress thriller
-1094760222, two tower lord ring part 2
-2013968984, tourist season
-1946183263, stone diari
-1931718013, notebook
-2016825943, kill mockingbird
-1022569112, me talk pretti on dai
-468082052, dolor claiborn
-231174049, east eden oprah book club
-452257951, samurai garden novel
-1958643411, notebook
-385603735, 2nd help chicken soup soul chicken soup soul seri paper
-1282763292, bridget jone edg reason
-467239351, insomnia
1636685794, bleacher
-1405639097, heaven earth three sister island trilogi
1219482333, circl friend
-1538404802, everyth eventu 14 dark tale
-446029025, 4 blond
-1068038623, timelin
792862004, fri green tomato whistl stop cafe
-1094760251, fellowship ring lord ring part 1
-488603494, ship new
-220540762, high five stephani plum novel
558963500, o outlaw
-49735817, ellen foster
-219648920, fast women
-2012862841, presum innoc
-747519504, fast food nation dark side all american meal
-1478312601, dreamcatch
-473031352, bourn ident
1558872674, what look like crazi ordinari dai
-1022569083, nake
-1178274993, harri potter chamber secret book 2
-467272023, case need
-1918329051, english patient
-431470395, harri potter sorcer stone harri potter paperback
-629718809, vineyard
-386152854, alienist
-1049475098, rose red
-445973508, door decemb
618007118, i innoc
2144717129, hideawai
-221318061, three get deadli stephani plum novel stephani plum novel
-49735788, virtuou woman oprah book club paperback
-478327326, siddhartha
-1096784895, vampir lestat vampir chronicl book ii
-1931687297, winner
-630796094, she come undon oprah book club
-1408403799, cat who talk ghost
-120422794, on monei stephani plum novel paperback
2145701187, tom clanci op center tom clanci op center paperback
-219648960, seven up stephani plum novel
-1066136865, drown ruth oprah book club
-225066949, silenc lamb
-2004184540, airfram
368451416, confederaci dunc
-1959330426, celestin propheci celestin propheci
-386185653, beekeep apprentic
89429989, tribul forc continu drama those left behind left behind 2
-966175526, beach hous
-471950997, bonfir vaniti
-466412922, fountainhead
-966177569, suzann diari nichola
-1482315490, how good
1220498948, loop
-387109295, cry wolf
-106904804, open hous
1424686679, outsid
-387109296, dark paradis
1220408832, glass lake
-1091334067, jurass park
-119611807, prei
-471059155, f fugit kinsei millhon mysteri paperback
1219718775, giver 21st centuri refer
447041635, belov plume contemporari fiction
-1708742417, fine balanc
-473950967, vallei hors
1219484261, firm
-2147415350, instanc fingerpost
1558090261, american god
-1091098565, congo
-477559483, ann green gabl ann green gabl novel paperback
1219515005, outland
-1638416230, bad begin seri unfortun event book 1
-477559484, ann avonlea ann green gabl novel paperback
-2009320724, daisi fai miracl man
-386183639, thin dark line mysteri am
1219544676, client
766775137, slammerkin
-1283748436, bridget jone diari
-293250977, great gatsbi
-992031227, river cross my heart
-397888877, lotteri winner alvirah willi stori
-1023435743, catcher rye
-1406405941, river end
2145703172, debt honor jack ryan novel
-1539265888, other boleyn girl
-628917152, blue nowher novel
567254828, quentin
-2097234918, neuromanc rememb tomorrow
-1632104356, angu thong full frontal snog confess georgia nicolson
-1069056352, sleeper
618007089, k killer kinsei millhon mysteri paperback
-1091098594, andromeda strain
1221483047, gone good
-398663978, hour novel
-1090294295, witch hour live mayfair witch
-424608676, possess secret joi
-467334453, door decemb
1615621794, brethren
-318189594, shopgirl
-473951954, clan cave bear earth children paperback
-320010722, mother pearl
-1178275022, harri potter chamber secret book 2
-1925255226, honk holler open soon
-119673307, perfect storm true stori men against sea
-1931621855, walk rememb
-1405637943, villa
1220500033, partner
-385263095, kill game onli on can win loser di
-1771273875, blow fly scarpetta novel
-385233395, dust dust
1521805757, indian cupboard
-118837277, color magic
1221508034, paint hous
-446061980, songcatch ballad novel
-368276222, middlesex novel
1399811169, walk wood rediscov america appalachian trail offici guid appalachian trail
-385295865, fals memori
-468287738, four past midnight
-472044339, night
-358210121, anim farm
-221309475, four score stephani plum novel
-748654476, anim dream
-1152270266, harri potter goblet fire book 4
-1283665820, girl guid hunt fish
1614758695, sister my heart
-631716540, deja dead
-470074138, ann frank diari young girl
-421810748, digit fortress thriller
1615506282, testament
-1930908728, last man stand
-387020852, night sin
-2146461909, easi prei
-1094043154, fahrenheit 451
-387020853, guilti sin
1427481139, wrinkl time
-2145715395, isl dog
-219558462, full tilt janet evanovich full seri
-1065325653, big cherri holler big stone gap novel ballantin reader circl
-1538345119, fall your knee oprah 45
-368275165, run scissor memoir
-632576668, she come undon oprah book club paperback
-2145774795, bear dragon jack ryan novel
2146532544, from potter field
-476116821, women silk novel
-49668546, plainsong vintag contemporari
1552461745, serpent tooth peter decker rina lazaru novel peter decker am
-1021592543, pilot wife novel tag author weight water oprah book club hardcov
-972948161, poisonwood bibl
1581418877, shopahol ti knot
-396250336, kitchen
1219542005, copper beech
-1094760966, hobbit enchant prelud lord ring
-1931597925, black fridai
-1941655806, bridget jone diari
-397889777, rememb me
-44967400, pari moon
-864987336, divin secret ya ya sisterhood novel
-870160529, bonesett daughter
1553242074, mystic river
-1282711335, back road
-870255758, secret histori
1221447577, smoke jumper
1218586619, shell seeker
-1661348960, lord fli
-1093153395, queen damn vampir chronicl paperback
-231257749, eyr affair novel
-386096223, prime cut
2142905573, cardin kremlin jack ryan novel
-1068072137, pope joan ballantin reader circl
-449569194, bachelor brother bed am
1608945792, like water chocol novel monthli instal recip romanc home remedi
-632636126, two dough
2147345557, hornet nest
-1930940540, bachelor warner book contemporari romanc
-1916513623, snow fall cedar
-1052155356, love bone novel
1579274574, coralin
-469953395, tommyknock
-1919372568, year provenc
-1021829014, last time met novel
-477649669, scarlet letter
1220553663, black blue
-1919277339, hous mango street vintag contemporari
-1021830041, last time met novel
-1930907799, bend road
-385294711, patient
1615413194, alia grace novel
-1092227738, prayer owen meani
-2145777767, last precinct
-471837597, i know why cage bird sing
-471182226, c corps kinsei millhon mysteri paperback
-2005019653, littl friend
-1945223291, song ordinari time oprah book club paperback
-630704668, heart atlanti
-385630578, chicken soup soul chicken soup soul
-630704667, bag bone
-2005944323, midnight garden good evil savannah stori
-344747808, northern light hi dark materi s
-1066218522, dress lodger ballantin reader circl
-219558532, full hous janet evanovich full seri
-1094760153, return king lord ring part 3
-787931503, ey world wheel time book 1
1220556635, summer sister
766746152, where when novel
-293253862, old man sea
-1406561400, small town girl
-1920289240, woman warrior memoir girlhood among ghost
1220498204, return journei
-743855089, god small thing
-2147419222, here earth
1284335392, wrinkl time
2143703144, clear present danger jack ryan novel
618006374, j judgment
2142875659, lightn
-632548866, street where you live
1399749853, under tuscan sun
-1481115646, dreamcatch
2144753771, turtl moon
-470043580, miseri
-2012210257, burden proof
-1708715545, tear giraff 1 ladi detect agenc
-1772056160, black notic
-486544066, wait exhal
-1931597025, cradl all
-471182295, b burglar kinsei millhon mysteri paperback
-1090414394, rise sun
-2147354680, point origin
-386876610, robber bride
-1920325051, stranger
766777953, blind harvest book
-1405549598, three fate
1608945722, like water chocol novel monthli instal recip romanc home remedi
-427404965, love music love danc
-1482375046, about boi
-1390915898, hors whisper
-459765894, color purpl
1635847778, da vinci code
-2146495509, abduct
-2146467864, big troubl
2143674413, servant twilight
-472073168, d deadbeat kinsei millhon mysteri paperback
2145703945, bodi farm
-1093199578, harri potter order phoenix book 5
-386158838, surviv fittest alex delawar novel
-1976473149, love time cholera penguin great book 20th centuri
448832820, we were mulvanei
-386034936, perfect husband
-289346248, ti memoir
1558421279, hannib
-49607945, reader
-970979876, prodig summer
-443326867, ishmael adventur mind spirit
-1068154966, murder book
